Date,Passengers,Consumer_spending.Consumer spending,CPI.CPI,Crude_oil.Crude Oil,GDP.GDP,Population.Population,Trade_balance.Trade balance (Rands),Unemployment_rate.Unemployment,Urbanisation.Urbanisation,population_growth.population_growth,tourists.tourists
2012/04/01,819885,2.79326E+12,6.1,890.44,4.34401E+11,53782567,-9900000000,24.84194,63.272,1.474794344,802834
2012/05/01,765773,,5.7,846.6,,,-8900000000,,,,692046
2012/06/01,745731,,5.5,761.13,,,-5700000000,,,,653686
2012/07/01,794131,,4.9,798.05,,,-6700000000,25.06654,,,793245
2012/07/01,794131,,4.9,798.05,,,-5700000000,25.06654,,,793245
2012/08/01,791901,,5,871.23,,,-12200000000,,,,77562
2012/09/01,810003,,5.5,879.46,,,-13800000000,,,,765398
2012/10/01,858436,,5.6,892.33,,,-21200000000,24.84194,,,784862
2012/11/01,798302,,5.6,889.6,,,-7940000000,,,,781096
2012/12/01,771312,,5.7,874.73,,,9940000000,,,,871774
2013/01/01,698815,2.56031E+12,5.4,924.35,4.00886E+11,54678791,-24530000000,24.83766,63.793,1.65265199501405,850759
2013/02/01,738447,,5.9,956.92,,,-9520000000,,,,715769
2013/03/01,844333,,5.9,942.4,,,-7770000000,,,,815075
2013/04/01,800273,,5.9,900.17,,,-15020000000,25.19374,,,803475
2013/05/01,755959,,5.6,931.06,,,-11030000000,,,,699658
2013/06/01,713314,,5.5,999.53,,,-7710000000,,,,677085
2013/07/01,756422,,6.3,1042.54,,,-14210000000,24.41275,,,789168
2013/08/01,776319,,6.4,1091.72,,,-19050000000,,,,829021
2013/09/01,782884,,6,1084.97,,,-18940000000,,,,783933
2013/10/01,824323,,5.5,1045.56,,,-20970000000,24.51616,,,794494
2013/11/01,785742,,5.3,1047.19,,,-9240000000,,,,835196
2013/12/01,788959,,5.4,1095.14,,,-2700000000,,,,942935
2014/01/01,715023,2.4281E+12,5.8,1112.23,3.81199E+11,55594838,-17100000000,24.9397,64.312,1.66144540694123,949403
2014/02/01,741856,,5.9,1152.7,,,1720000000,,,,734122
2014/03/01,816151,,6,1119.02,,,-11390000000,,,,751816
2014/04/01,789758,,6.1,1106.39,,,-13030000000,25.38516,,,8401
2014/05/01,716793,,6.6,1100.81,,,-6570000000,,,,714121
2014/06/01,727666,,6.6,1156.83,,,-190000000,,,,672726
2014/07/01,783248,,6.3,1122.07,,,-6880000000,25.34231,,,724199
2014/08/01,792649,,6.4,1066.82,,,-16300000000,,,,828531
2014/09/01,777248,,5.9,1052.22,,,-2910000000,,,,752681
2014/10/01,871526,,5.9,952.91,,,-21330000000,24.65063,,,820675
2014/11/01,816515,,5.8,854.97,,,-5700000000,,,,826163
2014/12/01,829546,,5.3,695.65,,,-4310000000,,,,934699
2015/01/01,720536,2.20789E+12,4.4,545.2,3.4671E+11,56723537,-24220000000,26.07009,64.828,2.00988840160514,877712
2015/02/01,767166,,3.9,634.61,,,-8480000000,,,,681216
2015/03/01,918158,,4,637.56,,,480000000,,,,733241
2015/04/01,857696,,4.5,691.43,,,-2510000000,25.0414,,,719557
2015/05/01,803831,,4.6,748.14,,,4990000000,,,,685407
2015/06/01,776234,,4.7,754.18,,,5800000000,,,,610092
2015/07/01,878565,,5,677.08,,,-400000000,25.44101,,,732891
2015/08/01,874382,,4.6,590.29,,,-9950000000,,,,731248
2015/09/01,874739,,4.6,630.01,,,-890000000,,,,71675
2015/10/01,953511,,4.7,634.41,,,-21390000000,24.83582,,,748561
2015/11/01,931351,,4.8,608.51,,,1770000000,,,,774378
2015/12/01,951220,,5.2,548.2,,,6850000000,,,,892720
2016/01/01,831696,2.82E+12,6.2,487.35,3.23586E+11,57259551,-17870000000,26.4845,65.341,0.940521897823675,101264
2016/02/01,877342,,7,489.21,,,-1070000000,,,,80377
2016/03/01,976256,,6.3,575.9,,,2920000000,,,,904594
2016/04/01,895176,2.823E+12,6.2,595.86,,,430000000,26.66481,,,795919
2016/05/01,846484,,6.1,706.39,,,18730000000,,,,760749
2016/06/01,805034,,6.3,719.98,,,12530000000,,,,691414
2016/07/01,901485,2.84E+12,6,635.89,,,5220000000,26.95457,,,822416
2016/08/01,867426,,5.9,615.85,,,-8560000000,,,,833638
2016/09/01,911473,,6.1,631.69,,,6700000000,,,,79361
2016/10/01,975580,2.85E+12,6.4,688.75,,,-4410000000,26.75202,,,850956
2016/11/01,908130,,6.6,629.9,,,-1090000000,,,,809349
2016/12/01,962114,,6.8,728.18,,,8220000000,,,,965107
2017/01/01,823013,2.84E+12,6.6,726.08,3.81449E+11,57635162,-10810000000,27.46301,65.85,0.653837462693277,104053
2017/02/01,842795,,6.3,721.63,,,5220000000,,,,775824
2017/03/01,964495,,6.1,657.76,,,11400000000,,,,805857
2017/04/01,945391,2.87E+12,5.3,704.83,,,5100000000,27.85385,,,919084
2017/05/01,888590,,5.4,662.8,,,9490000000,,,,767059
2017/06/01,826736,,5.1,596.03,,,10670000000,,,,708978
2017/07/01,944789,2.9E+12,4.6,626.26,,,8990000000,27.5794,,,861731
2017/08/01,911180,,4.8,661.2,,,5940000000,,,,852339
2017/09/01,932406,,5.1,696.92,,,4000000000,,,,833078
2017/10/01,997847,2.92E+12,4.8,751.81,,,4560000000,26.93524,,,880168
2017/11/01,934719,,4.6,842.52,,,13020000000,,,,848966
2017/12/01,970885,,4.7,810.68,,,12040000000,,,,991579
2018/01/01,852642,2.95E+12,4.4,809.22,4.05261E+11,58613001,-27700000000,26.57022,66.355,1.68236992028419,1103940
2018/02/01,854570,,4,751.33,,,430000000,,,,802252
2018/03/01,958307,,3.8,758.93,,,9470000000,,,,882749
2018/04/01,918880,2.97E+12,4.5,833.16,,,1140000000,27.39555,,,888894
2018/05/01,886990,,4.4,920.95,,,3520000000,,,,76733
2018/06/01,857720,,4.6,957.23,,,12000000000,,,,729374
2018/07/01,921435,2.97E+12,5.1,971.96,,,-4660000000,27.27994,,,855906
2018/08/01,936542,,4.9,1001.74,,,8790000000,,,,876928
2018/09/01,930233,,4.9,1115.04,,,-2950000000,,,,842361
2018/10/01,981474,3E+12,5.1,1111.42,,,-5550000000,27.2618,,,862046
2018/11/01,958974,,5.2,880.46,,,3490000000,,,,875172
2018/12/01,997912,,4.5,765.95,,,15720000000,,,,1007155
2019/01/01,864071,2.97E+12,4,784.06,3.8933E+11,59587885,-13080000000,27.46761,66.856,1.64957495527878,1068190
2019/02/01,884683,,4.1,843.99,,,3990000000,,,,787181
2019/03/01,1054597,,4.5,917.71,,,5000000000,,,,838696
2019/04/01,970528,3.01E+12,4.4,970.06,,,-3430000000,29.45604,,,903059
2019/05/01,882623,,4.5,964.29,,,1740000000,,,,753517
2019/06/01,934060,,4.5,870.57,,,4420000000,,,,734554
2019/07/01,947662,3.02E+12,4,862.08,,,-2880000000,29.00425,,,790187
2019/08/01,957955,,4.3,874.07,,,6840000000,,,,896978
2019/09/01,1001956,,4.1,890.18,,,5160000000,,,,780381
2019/10/01,1008908,3.04E+12,3.7,854.1,,,3090000000,28.81024,,,834275
2019/11/01,974279,,3.6,894.13,,,6100000000,,,,850537
2019/12/01,1059192,,4,917.06,,,17170000000,,,,961038
2020/01/01,942700,3.05E+12,4.5,887.78,3.37975E+11,60562381,-1870000000,29.78048,67.354,1.62216431400652,1093268
2020/02/01,937021,,4.6,799.07,,,14150000000,,,,800815
2020/03/01,596894,,4.1,534.38,,,24250000000,,,,535094
2020/04/01,0,2.44E+12,3,387,,,-35020000000,24.24007,,,0
2020/05/01,0,,2.1,550.91,,,15940000000,,,,0
2020/06/01,30210,,2.2,675.88,,,46630000000,,,,0
2020/07/01,82877,2.86E+12,3.2,705.23,,,37420000000,30.78566,,,0
2020/08/01,147165,,3.1,747.45,,,38870000000,,,,0
2020/09/01,277852,,3,678.07,,,33510000000,,,,0
2020/10/01,386871,2.96E+12,3.3,656.36,,,36130000000,32.15908,,,73988
2020/11/01,435821,,3.2,658.67,,,36720000000,,,,101096
2020/12/01,619259,,3.1,733.49,,,14850000000,,,,198059
2021/01/01,355964,2.97E+12,3.2,810.24,4.20887E+11,61502603,11830000000,32.19903,67.847,1.54055743832642,139134
2021/02/01,354811,,2.9,894.29,,,28960000000,,,,90165
2021/03/01,573825,,3.2,957.07,,,52770000000,,,,157638
2021/04/01,627561,3.03E+12,4.4,906.71,,,51240000000,34.77522,,,177251
2021/05/01,552691,,5.2,935.38,,,54600000000,,,,183347
2021/06/01,421384,,4.9,999.3,,,57680000000,,,,178727
2021/07/01,197393,2.95E+12,4.6,1067.97,,,36960000000,34.77851,,,151264
2021/08/01,381196,,4.9,1020.76,,,42400000000,,,,185637
2021/09/01,554380,,5,1060.41,,,22240000000,,,,206948
2021/10/01,647156,3.04E+12,5,1218.38,,,19780000000,35.28378,,,247833
2021/11/01,629788,,5.5,1237.21,,,35830000000,,,,275647
2021/12/01,678482,,5.9,1154.93,,,32000000000,,,,283108
2022/01/01,617451,3.08E+12,5.7,1300.74,4.0692E+11,62378410,3550000000,34.25378,68.335,1.41397227960081,377651
2022/02/01,647316,,5.7,1424.51,,,10600000000,,,,310173
2022/03/01,783998,,5.9,1685.94,,,45860000000,,,,359734
2022/04/01,755228,3.07E+12,5.9,1555.73,,,15490000000,34.18525,,,43137
2022/05/01,723691,,6.5,1749.47,,,28350000000,,,,407262
2022/06/01,638816,,7.4,1843.94,,,24230000000,,,,39955
2022/07/01,696741,3.08E+12,7.8,1770.12,,,24760000000,32.85431,,,507824
2022/08/01,703318,,7.6,1602.8,,,7180000000,,,,555832
2022/09/01,732687,,7.5,1545,,,19700000000,,,,539202
2022/10/01,789334,3.09E+12,7.6,1637.22,,,-4310000000,32.77071,,,565862
2022/11/01,766280,,7.4,1535.77,,,7980000000,,,,565758
2022/12/01,837611,,7.2,1352.49,,,30140000000,,,,677838
2023/01/01,731188,3.09E+12,6.9,1374.42,3.80699E+11,63212384,-23050000000,32.61584,68.819,1.32810094082844,849675
2023/02/01,720816,,7,1435.49,,,16130000000,,,,613432
2023/03/01,838646,,7.1,1398.87,,,6890000000,,,,658704
2023/04/01,808468,3.088E+12,6.8,1498.95,,,3540000000,32.73362,,,71347
2023/05/01,785822,,6.3,1410.87,,,10200000000,,,,6301
2023/06/01,754984,,5.4,1376.91,,,-3540000000,,,,608319
2023/07/01,821551,3.08E+12,4.7,1432.83,,,15960000000,31.95724,,,692068
2023/08/01,789464,,4.8,1589.14,,,13280000000,,,,708159
2023/09/01,839829,,5.4,1750.99,,,13140000000,,,,684161
2023/10/01,889900,3.07E+12,5.9,1695.91,,,-12660000000,32.19991,,,731108
2023/11/01,852074,,5.5,1504.57,,,21020000000,,,,731677
2023/12/01,967127,,5.1,1416.6,,,5430000000,,,,862460
2024/01/01,818804,3.07E+12,5.3,1460.16,4.00261E+11,64007187,-9440000000,32.70199,69.298,1.24951426055192,971846
2024/02/01,798300,,5.6,1530.48,,,14040000000,,,,725674
2024/03/01,879344,,5.3,1576.64,,,7270000000,,,,750968
2024/04/01,855749,3.11E+12,5.2,1661.29,,,10470000000,33.49362,,,702021
2024/05/01,767985,,5.2,1500.55,,,20090000000,,,,649454
2024/06/01,782246,,5.1,1498.11,,,24230000000,,,,641284
2024/07/01,796772,3.12E+12,4.6,1520.02,,,17610000000,32.15918,,,699566
2024/08/01,816356,,4.4,1408.63,,,5630000000,,,,718508
2024/09/01,868343,,3.8,1275.87,,,12840000000,,,,666718
2024/10/01,876554,3.15E+12,2.8,1298.71,,,14630000000,32.0495,,,705257
2024/11/01,874439,,2.9,1295.97,,,34700000000,,,,767927
2024/12/01,992216,,3,1304.71,,,14060000000,,,,920147
2025/01/01,859753,3.17E+12,3.2,1462.94,4.26383E+11,64747319,-16420000000,32.73113,70.589,,1013984
2025/02/01,824608,,3.2,1365.78,,,20900000000,,,,
2025/03/01,915333,,2.7,1292.73,,,24770000000,,,,
2025/04/01,929492,3.197E+12,2.8,1244.66,,,14080000000,33.27247,,,827886
2025/05/01,829764,,2.8,1136.68,,,21670000000,,,,804163
2025/06/01,803721,,3.02,1232.66,,,22040000000,,,,699566
2025/07/01,873932,3.22507E+12,3.5,1260.94,,,20290000000,31.9,,,804393
2025/08/01,877811,,3.3,1223.72,,,3970000000,,,,
2025/09/01,902645,,3.4,1161.87,,,21760000000,,,,846367
2025/10/01,1022387,,,1244.66,,,15580000000,31.9,,,927426
2025/11/01,900551,,3.5,1105.78,,,37730000000,,,,
2025/12/01,1057160,,3.6,1079.11,,,23180000000,,,,997195
2025/12/01,1057160,,3.6,1079.11,,,15460000000,,,,997195
